{
  "version": "1.0",
  "defaultProvider": "cdnjs",
  "libraries": [
    {
      "library": "jqueryui@1.12.1",
      "destination": "wwwroot/lib/jqueryui/"
    },
    {
      "provider": "jsdelivr",
      "library": "bootstrap@4.5.3",
      "destination": "wwwroot/lib/bootstrap/",
      "files": [
        "dist/css/bootstrap-grid.css",
        "dist/css/bootstrap-grid.css.map",
        "dist/css/bootstrap-grid.min.css",
        "dist/css/bootstrap-grid.min.css.map",
        "dist/css/bootstrap-reboot.css",
        "dist/css/bootstrap-reboot.css.map",
        "dist/css/bootstrap-reboot.min.css",
        "dist/css/bootstrap-reboot.min.css.map",
        "dist/css/bootstrap.css",
        "dist/css/bootstrap.css.map",
        "dist/css/bootstrap.min.css",
        "dist/css/bootstrap.min.css.map",
        "dist/js/bootstrap.bundle.js",
        "dist/js/bootstrap.bundle.js.map",
        "dist/js/bootstrap.bundle.min.js",
        "dist/js/bootstrap.bundle.min.js.map",
        "dist/js/bootstrap.js",
        "dist/js/bootstrap.js.map",
        "dist/js/bootstrap.min.js",
        "dist/js/bootstrap.min.js.map",
        "LICENSE",
        "README.md",
        "package.json"
      ]
    },
    {
      "library": "limonte-sweetalert2@10.12.6",
      "destination": "wwwroot/lib/sweetalert2/"
    }
  ]
}